Day,Temperature,Humidity,Light,CO2
Monday,74.75720000000001,26.29,509.0,797.0
Tuesday,72.545,25.1,426.0,834.25
Wednesday,72.30199999999999,25.0,430.75,805.5
Thursday,69.98,23.5,425.23,541.25
Friday,68.7515,22.3925,411.68,430.75
Saturday,71.91499999999999,27.7,543.0,1147.25
Sunday,73.02199999999999,30.89,444.0,1353.75
